sample_id,text_id,speaker_id,take_id,transcript,ideal_audio,participant_audio,flaw_type,severity,flaw_sentence,source_type,source_license,consent,mic,room,noise_condition,sha256,duration_s,split,peak_dbfs,snr_db,qc_status
S001,T1,SPK01,ideal_1,"Good morning everyone, and thank you for joining the Q3 financial review for the Bengaluru division of Vertex Solutions. Our quarterly revenue exceeded expectations by roughly fourteen point five percent, reaching a record high of two hundred and eighty crore rupees. Much of this growth was driven by the successful launch of the new enterprise software suite in late August, which captured a significant market share from our primary competitors. However, we did face some unexpected supply chain disruptions in September that slightly delayed the rollout of our hardware components across five key distribution centers in Maharashtra and Karnataka. Moving into the fourth quarter, our primary focus will be on expanding our footprint in the tier-two markets while maintaining our current operational efficiency. Please review the detailed spreadsheet I sent out this morning, and we will reconvene on Thursday at two thirty PM to discuss our strategic priorities for the upcoming fiscal year.",T1_ideal_1.wav,T1_ideal_1.wav,none,0,"However, we did face some unexpected supply chain disruptions in September that slightly delayed the rollout of our hardware components across five key distribution centers in Maharashtra and Karnataka.",real,CC-BY-4.0,yes,phone,indoor_quiet,clean,70fea0f95a942c51dc17f0f118652a739c88c3ccec5f13508d70b83fac21fa8f,79.125,train,-9.81,39.76,PASS
S002,T1,SPK01,ideal_1,"Good morning everyone, and thank you for joining the Q3 financial review for the Bengaluru division of Vertex Solutions. Our quarterly revenue exceeded expectations by roughly fourteen point five percent, reaching a record high of two hundred and eighty crore rupees. Much of this growth was driven by the successful launch of the new enterprise software suite in late August, which captured a significant market share from our primary competitors. However, we did face some unexpected supply chain disruptions in September that slightly delayed the rollout of our hardware components across five key distribution centers in Maharashtra and Karnataka. Moving into the fourth quarter, our primary focus will be on expanding our footprint in the tier-two markets while maintaining our current operational efficiency. Please review the detailed spreadsheet I sent out this morning, and we will reconvene on Thursday at two thirty PM to discuss our strategic priorities for the upcoming fiscal year.",T1_ideal_1.wav,T1_ideal_1.wav,none,0,"However, we did face some unexpected supply chain disruptions in September that slightly delayed the rollout of our hardware components across five key distribution centers in Maharashtra and Karnataka.",real,CC-BY-4.0,yes,phone,indoor_quiet,clean,c235f896176718d6b8ddfa2da80d36f921db56ef96eead57c6a4496338292d1d,78.251,train,-10.69,37.83,PASS
S003,T1,SPK01,deadpause,"Good morning everyone, and thank you for joining the Q3 financial review for the Bengaluru division of Vertex Solutions. Our quarterly revenue exceeded expectations by roughly fourteen point five percent, reaching a record high of two hundred and eighty crore rupees. Much of this growth was driven by the successful launch of the new enterprise software suite in late August, which captured a significant market share from our primary competitors. However, we did face some unexpected supply chain disruptions in September that slightly delayed the rollout of our hardware components across five key distribution centers in Maharashtra and Karnataka. Moving into the fourth quarter, our primary focus will be on expanding our footprint in the tier-two markets while maintaining our current operational efficiency. Please review the detailed spreadsheet I sent out this morning, and we will reconvene on Thursday at two thirty PM to discuss our strategic priorities for the upcoming fiscal year.",T1_ideal_1.wav,T1_deadpause.wav,dead_pause,3,"However, we did face some unexpected supply chain disruptions in September that slightly delayed the rollout of our hardware components across five key distribution centers in Maharashtra and Karnataka.",real,CC-BY-4.0,yes,phone,indoor_quiet,clean,2cb5c58ebfafcf8ab74fe01a9f861a57410dafd0895e33b05201091940f7b6e5,79.744,train,-7.63,41.41,PASS
S004,T1,SPK01,ideal_2,"Good morning everyone, and thank you for joining the Q3 financial review for the Bengaluru division of Vertex Solutions. Our quarterly revenue exceeded expectations by roughly fourteen point five percent, reaching a record high of two hundred and eighty crore rupees. Much of this growth was driven by the successful launch of the new enterprise software suite in late August, which captured a significant market share from our primary competitors. However, we did face some unexpected supply chain disruptions in September that slightly delayed the rollout of our hardware components across five key distribution centers in Maharashtra and Karnataka. Moving into the fourth quarter, our primary focus will be on expanding our footprint in the tier-two markets while maintaining our current operational efficiency. Please review the detailed spreadsheet I sent out this morning, and we will reconvene on Thursday at two thirty PM to discuss our strategic priorities for the upcoming fiscal year.",T1_ideal_1.wav,T1_ideal_2.wav,none,0,"However, we did face some unexpected supply chain disruptions in September that slightly delayed the rollout of our hardware components across five key distribution centers in Maharashtra and Karnataka.",real,CC-BY-4.0,yes,phone,indoor_quiet,clean,5930ad4d8caae6803f46b02913f190ed7ea80f35b2902cfe68c86642c1da9299,68.096,train,-8.05,36.87,PASS
S005,T1,SPK01,rushed,"Good morning everyone, and thank you for joining the Q3 financial review for the Bengaluru division of Vertex Solutions. Our quarterly revenue exceeded expectations by roughly fourteen point five percent, reaching a record high of two hundred and eighty crore rupees. Much of this growth was driven by the successful launch of the new enterprise software suite in late August, which captured a significant market share from our primary competitors. However, we did face some unexpected supply chain disruptions in September that slightly delayed the rollout of our hardware components across five key distribution centers in Maharashtra and Karnataka. Moving into the fourth quarter, our primary focus will be on expanding our footprint in the tier-two markets while maintaining our current operational efficiency. Please review the detailed spreadsheet I sent out this morning, and we will reconvene on Thursday at two thirty PM to discuss our strategic priorities for the upcoming fiscal year.",T1_ideal_1.wav,T1_rushed.wav,rushed_pace,3,"However, we did face some unexpected supply chain disruptions in September that slightly delayed the rollout of our hardware components across five key distribution centers in Maharashtra and Karnataka.",real,CC-BY-4.0,yes,phone,indoor_quiet,clean,f1981fa7c3a2e1ca5b825112736f69003345a2c0a4b01405c1fea5726eccf771,64.491,train,-7.3,36.14,PASS
S006,T2,SPK01,deadpause,"The recent clinical trial conducted at the All India Institute of Medical Sciences has revealed promising developments in the treatment of chronic autoimmune disorders. Researchers administered a novel synthetic peptide, designated as AX-742, to a cohort of one hundred and fifty adult patients over a six-month observation period. Preliminary data suggests a statistically significant reduction in inflammatory biomarkers, specifically interleukin-six and tumor necrosis factor alpha, in nearly eighty percent of the participants. Despite these encouraging efficacy results, a small subset of patients experienced mild gastrointestinal distress and transient headaches during the initial two weeks of the dosage escalation phase. Furthermore, the longitudinal analysis indicates that the therapeutic benefits are sustained even after the medication frequency is reduced to a bi-weekly subcutaneous injection. The research team is now preparing to submit their comprehensive findings to the Indian Journal of Medical Research and hopes to initiate Phase III trials by early next spring.",T2_ideal_1.wav,T2_deadpause.wav,dead_pause,3,"Despite these encouraging efficacy results, a small subset of patients experienced mild gastrointestinal distress and transient headaches during the initial two weeks of the dosage escalation phase.",real,CC-BY-4.0,yes,phone,indoor_quiet,clean,80fe250e90e6a98d2ad211ec9df9b8677a1f4f87c2d3d541ee849bc8c7ef58d6,86.293,train,-8.9,41.22,PASS
S007,T2,SPK01,flaw,"The recent clinical trial conducted at the All India Institute of Medical Sciences has revealed promising developments in the treatment of chronic autoimmune disorders. Researchers administered a novel synthetic peptide, designated as AX-742, to a cohort of one hundred and fifty adult patients over a six-month observation period. Preliminary data suggests a statistically significant reduction in inflammatory biomarkers, specifically interleukin-six and tumor necrosis factor alpha, in nearly eighty percent of the participants. Despite these encouraging efficacy results, a small subset of patients experienced mild gastrointestinal distress and transient headaches during the initial two weeks of the dosage escalation phase. Furthermore, the longitudinal analysis indicates that the therapeutic benefits are sustained even after the medication frequency is reduced to a bi-weekly subcutaneous injection. The research team is now preparing to submit their comprehensive findings to the Indian Journal of Medical Research and hopes to initiate Phase III trials by early next spring.",T2_ideal_1.wav,T2_flaw.wav,flat_pitch,3,"Despite these encouraging efficacy results, a small subset of patients experienced mild gastrointestinal distress and transient headaches during the initial two weeks of the dosage escalation phase.",real,CC-BY-4.0,yes,phone,indoor_quiet,clean,457497917b419e5fee56ba4fec97f98052e6dedacdb6ef9ff01db94295f4c186,91.456,train,-9.35,38.82,PASS
S008,T2,SPK01,ideal_1,"The recent clinical trial conducted at the All India Institute of Medical Sciences has revealed promising developments in the treatment of chronic autoimmune disorders. Researchers administered a novel synthetic peptide, designated as AX-742, to a cohort of one hundred and fifty adult patients over a six-month observation period. Preliminary data suggests a statistically significant reduction in inflammatory biomarkers, specifically interleukin-six and tumor necrosis factor alpha, in nearly eighty percent of the participants. Despite these encouraging efficacy results, a small subset of patients experienced mild gastrointestinal distress and transient headaches during the initial two weeks of the dosage escalation phase. Furthermore, the longitudinal analysis indicates that the therapeutic benefits are sustained even after the medication frequency is reduced to a bi-weekly subcutaneous injection. The research team is now preparing to submit their comprehensive findings to the Indian Journal of Medical Research and hopes to initiate Phase III trials by early next spring.",T2_ideal_1.wav,T2_ideal_1.wav,none,0,"Despite these encouraging efficacy results, a small subset of patients experienced mild gastrointestinal distress and transient headaches during the initial two weeks of the dosage escalation phase.",real,CC-BY-4.0,yes,phone,indoor_quiet,clean,4c6f4f5ed78e74b9fed0b275cf632a47abd98fcd24bb968aca13601917ad2782,87.616,train,-7.14,39.66,PASS
S009,T2,SPK01,ideal_2,"The recent clinical trial conducted at the All India Institute of Medical Sciences has revealed promising developments in the treatment of chronic autoimmune disorders. Researchers administered a novel synthetic peptide, designated as AX-742, to a cohort of one hundred and fifty adult patients over a six-month observation period. Preliminary data suggests a statistically significant reduction in inflammatory biomarkers, specifically interleukin-six and tumor necrosis factor alpha, in nearly eighty percent of the participants. Despite these encouraging efficacy results, a small subset of patients experienced mild gastrointestinal distress and transient headaches during the initial two weeks of the dosage escalation phase. Furthermore, the longitudinal analysis indicates that the therapeutic benefits are sustained even after the medication frequency is reduced to a bi-weekly subcutaneous injection. The research team is now preparing to submit their comprehensive findings to the Indian Journal of Medical Research and hopes to initiate Phase III trials by early next spring.",T2_ideal_1.wav,T2_ideal_2.wav,none,0,"Despite these encouraging efficacy results, a small subset of patients experienced mild gastrointestinal distress and transient headaches during the initial two weeks of the dosage escalation phase.",real,CC-BY-4.0,yes,phone,indoor_quiet,clean,32735e94e9613a3d40de03be09a539aa6f4a59fe37dd58d828bf68b916006721,84.224,train,-6.44,39.01,PASS
S010,T2,SPK01,rushed,"The recent clinical trial conducted at the All India Institute of Medical Sciences has revealed promising developments in the treatment of chronic autoimmune disorders. Researchers administered a novel synthetic peptide, designated as AX-742, to a cohort of one hundred and fifty adult patients over a six-month observation period. Preliminary data suggests a statistically significant reduction in inflammatory biomarkers, specifically interleukin-six and tumor necrosis factor alpha, in nearly eighty percent of the participants. Despite these encouraging efficacy results, a small subset of patients experienced mild gastrointestinal distress and transient headaches during the initial two weeks of the dosage escalation phase. Furthermore, the longitudinal analysis indicates that the therapeutic benefits are sustained even after the medication frequency is reduced to a bi-weekly subcutaneous injection. The research team is now preparing to submit their comprehensive findings to the Indian Journal of Medical Research and hopes to initiate Phase III trials by early next spring.",T2_ideal_1.wav,T2_rushed.wav,rushed_pace,3,"Despite these encouraging efficacy results, a small subset of patients experienced mild gastrointestinal distress and transient headaches during the initial two weeks of the dosage escalation phase.",real,CC-BY-4.0,yes,phone,indoor_quiet,clean,397282beccc1959bdcd3a0a034f092250a7b65583d11eb11e34cba101a55126e,75.968,train,-8.35,37.68,PASS
S011,T3,SPK01,deadpause,"Welcome to the introductory tutorial on deploying scalable microservices using the latest version of the Kubernetes orchestration platform. In this module, we will explore how to configure your YAML manifest files to define replica sets, persistent volume claims, and internal cluster networking. It is absolutely crucial to understand the differences between a NodePort service and a LoadBalancer service when exposing your application to external traffic on AWS Mumbai region or Azure Central India. If you encounter any unexpected CrashLoopBackOff errors, you should immediately check the pod logs and verify that your Docker container has the correct environment variables injected. Remember that implementing proper readiness and liveness probes will significantly improve the overall resilience and availability of your distributed application under heavy load. Once you have successfully deployed the backend API, proceed to chapter four where we integrate the Redis caching layer and configure the automated CI/CD pipeline using GitHub Actions.",T3_ideal_1.wav,T3_deadpause.wav,dead_pause,3,"If you encounter any unexpected CrashLoopBackOff errors, you should immediately check the pod logs and verify that your Docker container has the correct environment variables injected.",real,CC-BY-4.0,yes,phone,indoor_quiet,clean,4ca4b8f2fe5541ae5e5a756073ed92d5b0ccb6e74abd0c8a68e0102a07eb0a09,81.045,train,-8.33,41.74,PASS
S012,T3,SPK01,ideal_1,"Welcome to the introductory tutorial on deploying scalable microservices using the latest version of the Kubernetes orchestration platform. In this module, we will explore how to configure your YAML manifest files to define replica sets, persistent volume claims, and internal cluster networking. It is absolutely crucial to understand the differences between a NodePort service and a LoadBalancer service when exposing your application to external traffic on AWS Mumbai region or Azure Central India. If you encounter any unexpected CrashLoopBackOff errors, you should immediately check the pod logs and verify that your Docker container has the correct environment variables injected. Remember that implementing proper readiness and liveness probes will significantly improve the overall resilience and availability of your distributed application under heavy load. Once you have successfully deployed the backend API, proceed to chapter four where we integrate the Redis caching layer and configure the automated CI/CD pipeline using GitHub Actions.",T3_ideal_1.wav,T3_ideal_1.wav,none,0,"If you encounter any unexpected CrashLoopBackOff errors, you should immediately check the pod logs and verify that your Docker container has the correct environment variables injected.",real,CC-BY-4.0,yes,phone,indoor_quiet,clean,6acf6af234409709b362708706765cea3a8f578491675f4192007266ab6cc4cc,79.68,train,-7.5,40.32,PASS
S013,T3,SPK01,ideal_2,"Welcome to the introductory tutorial on deploying scalable microservices using the latest version of the Kubernetes orchestration platform. In this module, we will explore how to configure your YAML manifest files to define replica sets, persistent volume claims, and internal cluster networking. It is absolutely crucial to understand the differences between a NodePort service and a LoadBalancer service when exposing your application to external traffic on AWS Mumbai region or Azure Central India. If you encounter any unexpected CrashLoopBackOff errors, you should immediately check the pod logs and verify that your Docker container has the correct environment variables injected. Remember that implementing proper readiness and liveness probes will significantly improve the overall resilience and availability of your distributed application under heavy load. Once you have successfully deployed the backend API, proceed to chapter four where we integrate the Redis caching layer and configure the automated CI/CD pipeline using GitHub Actions.",T3_ideal_1.wav,T3_ideal_2.wav,none,0,"If you encounter any unexpected CrashLoopBackOff errors, you should immediately check the pod logs and verify that your Docker container has the correct environment variables injected.",real,CC-BY-4.0,yes,phone,indoor_quiet,clean,f8cc869d1594294d446d075255f0618dce91afc4fe2c2c26a32d05468e5cfb6b,71.829,train,-7.76,35.61,PASS
S014,T3,SPK01,rushed,"Welcome to the introductory tutorial on deploying scalable microservices using the latest version of the Kubernetes orchestration platform. In this module, we will explore how to configure your YAML manifest files to define replica sets, persistent volume claims, and internal cluster networking. It is absolutely crucial to understand the differences between a NodePort service and a LoadBalancer service when exposing your application to external traffic on AWS Mumbai region or Azure Central India. If you encounter any unexpected CrashLoopBackOff errors, you should immediately check the pod logs and verify that your Docker container has the correct environment variables injected. Remember that implementing proper readiness and liveness probes will significantly improve the overall resilience and availability of your distributed application under heavy load. Once you have successfully deployed the backend API, proceed to chapter four where we integrate the Redis caching layer and configure the automated CI/CD pipeline using GitHub Actions.",T3_ideal_1.wav,T3_rushed.wav,rushed_pace,3,"If you encounter any unexpected CrashLoopBackOff errors, you should immediately check the pod logs and verify that your Docker container has the correct environment variables injected.",real,CC-BY-4.0,yes,phone,indoor_quiet,clean,feb00f7f7b9ff0135498299951256716737a01fcc931e586d8a860f54f374f37,75.563,train,-10.42,37.13,PASS
S015,T4,SPK01,deadpause,"Local authorities in downtown Mumbai are advising residents to prepare for severe weather conditions expected to arrive late tomorrow evening. Meteorologists at the Indian Meteorological Department have issued a flash flood warning for the Konkan region and the surrounding metropolitan areas following an unprecedented three inches of rainfall this morning. City officials have proactively closed the primary suspension bridge on the Bandra-Worli Sea Link, causing significant traffic delays stretching all the way back to the international airport. Emergency response teams, including the Coast Guard and local fire departments, remain on high alert and have pre-positioned rescue boats near the most vulnerable low-lying neighborhoods. Meanwhile, utility companies are working around the clock to restore power to approximately forty-five thousand homes that were disconnected when strong wind gusts brought down several major transmission lines. The municipal commissioner is scheduled to hold a live press conference at the BMC headquarters at precisely six fifteen tonight to provide further updates and safety instructions for all citizens.",T4_ideal_1.wav,T4_deadpause.wav,dead_pause,3,"Emergency response teams, including the Coast Guard and local fire departments, remain on high alert and have pre-positioned rescue boats near the most vulnerable low-lying neighborhoods.",real,CC-BY-4.0,yes,phone,indoor_quiet,clean,70d852f17a5b3859385a91c7641aa201cfc10106b847f5e74829fa8779be4f32,94.123,val,-9.55,41.42,PASS
S016,T4,SPK01,ideal_1,"Local authorities in downtown Mumbai are advising residents to prepare for severe weather conditions expected to arrive late tomorrow evening. Meteorologists at the Indian Meteorological Department have issued a flash flood warning for the Konkan region and the surrounding metropolitan areas following an unprecedented three inches of rainfall this morning. City officials have proactively closed the primary suspension bridge on the Bandra-Worli Sea Link, causing significant traffic delays stretching all the way back to the international airport. Emergency response teams, including the Coast Guard and local fire departments, remain on high alert and have pre-positioned rescue boats near the most vulnerable low-lying neighborhoods. Meanwhile, utility companies are working around the clock to restore power to approximately forty-five thousand homes that were disconnected when strong wind gusts brought down several major transmission lines. The municipal commissioner is scheduled to hold a live press conference at the BMC headquarters at precisely six fifteen tonight to provide further updates and safety instructions for all citizens.",T4_ideal_1.wav,T4_ideal_1.wav,none,0,"Emergency response teams, including the Coast Guard and local fire departments, remain on high alert and have pre-positioned rescue boats near the most vulnerable low-lying neighborhoods.",real,CC-BY-4.0,yes,phone,indoor_quiet,clean,eeb445260b582aadf320aa9d8501cd1e6d6882e1dd2532feb1f50d7875f27d29,80.043,val,-8.19,37.4,PASS
S017,T4,SPK01,ideal_2,"Local authorities in downtown Mumbai are advising residents to prepare for severe weather conditions expected to arrive late tomorrow evening. Meteorologists at the Indian Meteorological Department have issued a flash flood warning for the Konkan region and the surrounding metropolitan areas following an unprecedented three inches of rainfall this morning. City officials have proactively closed the primary suspension bridge on the Bandra-Worli Sea Link, causing significant traffic delays stretching all the way back to the international airport. Emergency response teams, including the Coast Guard and local fire departments, remain on high alert and have pre-positioned rescue boats near the most vulnerable low-lying neighborhoods. Meanwhile, utility companies are working around the clock to restore power to approximately forty-five thousand homes that were disconnected when strong wind gusts brought down several major transmission lines. The municipal commissioner is scheduled to hold a live press conference at the BMC headquarters at precisely six fifteen tonight to provide further updates and safety instructions for all citizens.",T4_ideal_1.wav,T4_ideal_2.wav,none,0,"Emergency response teams, including the Coast Guard and local fire departments, remain on high alert and have pre-positioned rescue boats near the most vulnerable low-lying neighborhoods.",real,CC-BY-4.0,yes,phone,indoor_quiet,clean,c7d6ad65474da2137cecc728d1d20deb5ad728063a9d8937846f239fd3f855ed,72.789,val,-10.6,32.37,PASS
S018,T4,SPK01,rushed,"Local authorities in downtown Mumbai are advising residents to prepare for severe weather conditions expected to arrive late tomorrow evening. Meteorologists at the Indian Meteorological Department have issued a flash flood warning for the Konkan region and the surrounding metropolitan areas following an unprecedented three inches of rainfall this morning. City officials have proactively closed the primary suspension bridge on the Bandra-Worli Sea Link, causing significant traffic delays stretching all the way back to the international airport. Emergency response teams, including the Coast Guard and local fire departments, remain on high alert and have pre-positioned rescue boats near the most vulnerable low-lying neighborhoods. Meanwhile, utility companies are working around the clock to restore power to approximately forty-five thousand homes that were disconnected when strong wind gusts brought down several major transmission lines. The municipal commissioner is scheduled to hold a live press conference at the BMC headquarters at precisely six fifteen tonight to provide further updates and safety instructions for all citizens.",T4_ideal_1.wav,T4_rushed.wav,rushed_pace,3,"Emergency response teams, including the Coast Guard and local fire departments, remain on high alert and have pre-positioned rescue boats near the most vulnerable low-lying neighborhoods.",real,CC-BY-4.0,yes,phone,indoor_quiet,clean,4133eb386be06f1e04b879822b8dc5a56080dbacb58a154bd630c296b2842a54,75.307,val,-6.84,38.95,PASS
S019,T5,SPK01,deadpause,"The old wooden floorboards creaked loudly as Inspector Deshmukh slowly navigated the narrow hallway of the abandoned colonial mansion in Shimla. He carefully aimed his flickering flashlight toward the ceiling, revealing intricate spiderwebs that danced slightly in the cold, damp draft coming from a broken window. According to the police records from nineteen eighty-seven, this exact location was the site of a notorious art heist where three priceless Tanjore paintings vanished without a single trace. As he stepped into the main library, his boot brushed against a loose floorboard, echoing through the silent house and making his heart skip a sudden beat. Hidden beneath the dusty rug, he discovered a small, ornate brass key that looked like it belonged to an antique grandfather clock or a heavy iron safe. He slipped the strange artifact into his khaki coat pocket, knowing instinctively that this forgotten piece of evidence would finally unravel the town's oldest unsolved mystery.",T5_ideal_1.wav,T5_deadpause.wav,dead_pause,3,"As he stepped into the main library, his boot brushed against a loose floorboard, echoing through the silent house and making his heart skip a sudden beat.",real,CC-BY-4.0,yes,phone,indoor_quiet,clean,c88b225c4aabdba00c4026bb7afa5ccb368882c684b5813a3c182fdffa4a9bdf,78.08,test,-8.97,41.97,PASS
S020,T5,SPK01,flatpitch,"The old wooden floorboards creaked loudly as Inspector Deshmukh slowly navigated the narrow hallway of the abandoned colonial mansion in Shimla. He carefully aimed his flickering flashlight toward the ceiling, revealing intricate spiderwebs that danced slightly in the cold, damp draft coming from a broken window. According to the police records from nineteen eighty-seven, this exact location was the site of a notorious art heist where three priceless Tanjore paintings vanished without a single trace. As he stepped into the main library, his boot brushed against a loose floorboard, echoing through the silent house and making his heart skip a sudden beat. Hidden beneath the dusty rug, he discovered a small, ornate brass key that looked like it belonged to an antique grandfather clock or a heavy iron safe. He slipped the strange artifact into his khaki coat pocket, knowing instinctively that this forgotten piece of evidence would finally unravel the town's oldest unsolved mystery.",T5_ideal_1.wav,T5_flatpitch.wav,flat_pitch,3,"As he stepped into the main library, his boot brushed against a loose floorboard, echoing through the silent house and making his heart skip a sudden beat.",real,CC-BY-4.0,yes,phone,indoor_quiet,clean,ed92fe9a1051314e5b53a25a6f2f27f558705199c077c5418b2365632cf69b88,77.44,test,-9.93,38.43,PASS
S021,T5,SPK01,ideal_1,"The old wooden floorboards creaked loudly as Inspector Deshmukh slowly navigated the narrow hallway of the abandoned colonial mansion in Shimla. He carefully aimed his flickering flashlight toward the ceiling, revealing intricate spiderwebs that danced slightly in the cold, damp draft coming from a broken window. According to the police records from nineteen eighty-seven, this exact location was the site of a notorious art heist where three priceless Tanjore paintings vanished without a single trace. As he stepped into the main library, his boot brushed against a loose floorboard, echoing through the silent house and making his heart skip a sudden beat. Hidden beneath the dusty rug, he discovered a small, ornate brass key that looked like it belonged to an antique grandfather clock or a heavy iron safe. He slipped the strange artifact into his khaki coat pocket, knowing instinctively that this forgotten piece of evidence would finally unravel the town's oldest unsolved mystery.",T5_ideal_1.wav,T5_ideal_1.wav,none,0,"As he stepped into the main library, his boot brushed against a loose floorboard, echoing through the silent house and making his heart skip a sudden beat.",real,CC-BY-4.0,yes,phone,indoor_quiet,clean,0db14a21f424c822e85ffd4a3b350fbb587d31e47b7f1728efa773e160845c0c,70.485,test,-11.92,34.97,PASS
S022,T5,SPK01,ideal_2,"The old wooden floorboards creaked loudly as Inspector Deshmukh slowly navigated the narrow hallway of the abandoned colonial mansion in Shimla. He carefully aimed his flickering flashlight toward the ceiling, revealing intricate spiderwebs that danced slightly in the cold, damp draft coming from a broken window. According to the police records from nineteen eighty-seven, this exact location was the site of a notorious art heist where three priceless Tanjore paintings vanished without a single trace. As he stepped into the main library, his boot brushed against a loose floorboard, echoing through the silent house and making his heart skip a sudden beat. Hidden beneath the dusty rug, he discovered a small, ornate brass key that looked like it belonged to an antique grandfather clock or a heavy iron safe. He slipped the strange artifact into his khaki coat pocket, knowing instinctively that this forgotten piece of evidence would finally unravel the town's oldest unsolved mystery.",T5_ideal_1.wav,T5_ideal_2.wav,none,0,"As he stepped into the main library, his boot brushed against a loose floorboard, echoing through the silent house and making his heart skip a sudden beat.",real,CC-BY-4.0,yes,phone,indoor_quiet,clean,ef4fe99e41a0c1d54c5a11a6105a820c033ec1aada85b534c0106df2472f8f03,66.496,test,-13.19,31.58,PASS
S023,T5,SPK01,rushed,"The old wooden floorboards creaked loudly as Inspector Deshmukh slowly navigated the narrow hallway of the abandoned colonial mansion in Shimla. He carefully aimed his flickering flashlight toward the ceiling, revealing intricate spiderwebs that danced slightly in the cold, damp draft coming from a broken window. According to the police records from nineteen eighty-seven, this exact location was the site of a notorious art heist where three priceless Tanjore paintings vanished without a single trace. As he stepped into the main library, his boot brushed against a loose floorboard, echoing through the silent house and making his heart skip a sudden beat. Hidden beneath the dusty rug, he discovered a small, ornate brass key that looked like it belonged to an antique grandfather clock or a heavy iron safe. He slipped the strange artifact into his khaki coat pocket, knowing instinctively that this forgotten piece of evidence would finally unravel the town's oldest unsolved mystery.",T5_ideal_1.wav,T5_rushed.wav,rushed_pace,3,"As he stepped into the main library, his boot brushed against a loose floorboard, echoing through the silent house and making his heart skip a sudden beat.",real,CC-BY-4.0,yes,phone,indoor_quiet,clean,c2a3fd9c34c248e70ca1ead9241f1986b43ff74ffc7152a5d4d5e92e1036a19e,61.696,test,-11.09,32.1,PASS
S024,T6,SPK01,deadpause,"Thank you for calling the Bharat Telecom customer support center; my name is Priya, and I will be assisting you with your account upgrade today. Before we proceed with changing your subscription plan, I need to verify your identity by asking for your four-digit security PIN and the billing PIN code on file. We are currently offering a promotional discount where you can receive three months of premium access completely free if you choose to switch to our annual billing cycle. Please note that any changes made to your account during this phone call will take approximately twenty-four to forty-eight hours to fully reflect on your online dashboard. If you happen to experience any login issues after the transition, we highly recommend clearing your browser cache and cookies before attempting to reset your password. I have just sent a confirmation SMS and email to the address on your profile, so please check your phone if you do not see it in your inbox within the next ten minutes.",T6_ideal_1.wav,T6_deadpause.wav,dead_pause,3,Please note that any changes made to your account during this phone call will take approximately twenty-four to forty-eight hours to fully reflect on your online dashboard.,real,CC-BY-4.0,yes,phone,indoor_quiet,clean,55b0ccd9b50ff86aea2ca88508a7352914e8f2ec703e536779f9b507cbc03c9a,74.027,test,-8.11,42.0,PASS
S025,T6,SPK01,mumbeled,"Thank you for calling the Bharat Telecom customer support center; my name is Priya, and I will be assisting you with your account upgrade today. Before we proceed with changing your subscription plan, I need to verify your identity by asking for your four-digit security PIN and the billing PIN code on file. We are currently offering a promotional discount where you can receive three months of premium access completely free if you choose to switch to our annual billing cycle. Please note that any changes made to your account during this phone call will take approximately twenty-four to forty-eight hours to fully reflect on your online dashboard. If you happen to experience any login issues after the transition, we highly recommend clearing your browser cache and cookies before attempting to reset your password. I have just sent a confirmation SMS and email to the address on your profile, so please check your phone if you do not see it in your inbox within the next ten minutes.",T6_ideal_1.wav,T6_mumbeled.wav,mumbled_clarity,3,Please note that any changes made to your account during this phone call will take approximately twenty-four to forty-eight hours to fully reflect on your online dashboard.,real,CC-BY-4.0,yes,phone,indoor_quiet,clean,97c74d7bf91ee98747f413b7a26036061659b14b55d1f9c9cfeeffc6484327a1,73.131,test,-8.65,38.51,PASS
S026,T6,SPK01,ideal_1,"Thank you for calling the Bharat Telecom customer support center; my name is Priya, and I will be assisting you with your account upgrade today. Before we proceed with changing your subscription plan, I need to verify your identity by asking for your four-digit security PIN and the billing PIN code on file. We are currently offering a promotional discount where you can receive three months of premium access completely free if you choose to switch to our annual billing cycle. Please note that any changes made to your account during this phone call will take approximately twenty-four to forty-eight hours to fully reflect on your online dashboard. If you happen to experience any login issues after the transition, we highly recommend clearing your browser cache and cookies before attempting to reset your password. I have just sent a confirmation SMS and email to the address on your profile, so please check your phone if you do not see it in your inbox within the next ten minutes.",T6_ideal_1.wav,T6_ideal_1.wav,none,0,Please note that any changes made to your account during this phone call will take approximately twenty-four to forty-eight hours to fully reflect on your online dashboard.,real,CC-BY-4.0,yes,phone,indoor_quiet,clean,2d38472fb0070eca952ea290ef1be5d2e7c06799fc0c6c9b895617f4decbb3aa,66.88,test,-11.64,34.33,PASS
S027,T6,SPK01,ideal_2,"Thank you for calling the Bharat Telecom customer support center; my name is Priya, and I will be assisting you with your account upgrade today. Before we proceed with changing your subscription plan, I need to verify your identity by asking for your four-digit security PIN and the billing PIN code on file. We are currently offering a promotional discount where you can receive three months of premium access completely free if you choose to switch to our annual billing cycle. Please note that any changes made to your account during this phone call will take approximately twenty-four to forty-eight hours to fully reflect on your online dashboard. If you happen to experience any login issues after the transition, we highly recommend clearing your browser cache and cookies before attempting to reset your password. I have just sent a confirmation SMS and email to the address on your profile, so please check your phone if you do not see it in your inbox within the next ten minutes.",T6_ideal_1.wav,T6_ideal_2.wav,none,0,Please note that any changes made to your account during this phone call will take approximately twenty-four to forty-eight hours to fully reflect on your online dashboard.,real,CC-BY-4.0,yes,phone,indoor_quiet,clean,c7ffcd2458a115df4c2ce7700d6287b6c4da8588ce3594975d8ab751987db962,67.093,test,-13.36,33.93,PASS
S028,T6,SPK01,rushed,"Thank you for calling the Bharat Telecom customer support center; my name is Priya, and I will be assisting you with your account upgrade today. Before we proceed with changing your subscription plan, I need to verify your identity by asking for your four-digit security PIN and the billing PIN code on file. We are currently offering a promotional discount where you can receive three months of premium access completely free if you choose to switch to our annual billing cycle. Please note that any changes made to your account during this phone call will take approximately twenty-four to forty-eight hours to fully reflect on your online dashboard. If you happen to experience any login issues after the transition, we highly recommend clearing your browser cache and cookies before attempting to reset your password. I have just sent a confirmation SMS and email to the address on your profile, so please check your phone if you do not see it in your inbox within the next ten minutes.",T6_ideal_1.wav,T6_rushed.wav,rushed_pace,3,Please note that any changes made to your account during this phone call will take approximately twenty-four to forty-eight hours to fully reflect on your online dashboard.,real,CC-BY-4.0,yes,phone,indoor_quiet,clean,d9c6de57dc7cdc519524b99a12b18f7893b3665d9d18ede61485aec485e53121,60.971,test,-13.01,31.07,PASS
